Workbook

Sheet 00_읽는법
A1: 이 표 읽는 법 (실무진 안내)
A3: 컬럼 | B3: 뜻 | C3: 값 설명
A4: 우선순위 | B4: 언제 만드나 | C4: P0=런칭에 꼭 필요 · P1=런칭 직후 · P2=나중에
A5: 담당 | B5: 누가 만드나 | C5: PM=기획·정책·계약 · 인쇄개발=상품·가격·옵션 · 쇼핑개발=쇼핑몰화면·주문·페이지빌더 · 협업=두 팀 함께
A6: 개발규모 | B6: 작업량 가늠 | C6: S=작음 · M=보통 · L=큼 · XL=매우 큼
A7: 진행상태 | B7: 지금 상태 | C7: 진행중 · 대기(외부계약·결정 기다림) · 미착수 · 완료
A8: Phase | B8: 단계 | C8: Phase 1=런칭 · 2=안정화 · 3=확장
A9: 확인·결정 필요사항 | B9: 먼저 풀어야 할 것 | C9: 계약·정책 결정·데이터 정리 등 시작 전 챙길 선행조건 (쉬운 말로 기재)
A10: 비고 | B10: 적용 상품 | C10: 해당 기능이 어떤 상품에 들어가는지
A12: ※ 개발자용 기술 상세(레드프린팅 SDK 함수, 스키마 구조 등)는 별도 파일 ‘후니프린팅 인쇄상품 IA 상세’를 참고하세요.

Sheet 01_역할정의
A1: 후니프린팅 통합 IA — 역할 분담 & 진행현황 (인쇄상품 상세 반영)
A2: 3인 체제 · PM(1)/인쇄개발(1)/쇼핑개발(1) · 기준 IA 144개 기능 (인쇄상품 상세 35행 포함)
A4: 역할 | B4: 트랙 | C4: 핵심 책임범위 | D4: 담당 IA 영역 | E4: 현재 진행상황 | F4: 주요 산출물
A5: PM | B5: 기획·조율 | C5: 일정/우선순위, 운영정책 확정, 외부계약(알림톡·PG·이니시스·에디터), QA, 실무진 테스트 조율, 콘텐츠(약관·인쇄가이드) | D5: 전 영역 의사결정·정책·계약·검수 | E5: 운영정책 5건 + 에디터 도입(D3/D4) 결정 대기 | F5: 일정표·정책 확정서·계약 완료·QA
A6: 인쇄개발 | B6: 상품·가격·위젯 | C6: 관리자 상품관리(상품·사이즈·소재·용지·가격) + 고객 인쇄상품 옵션위젯·실시간가격(3엔진)·가이드·견적, CPQ 엔진 | D6: 관리자 상품관리 14종 + 인쇄상품 옵션/가격/가이드 24종 | E6: ▶ 진행중: 상품·가격 DB 스키마 완료→데이터 매핑·시뮬레이터 검수 / 가격엔진(C1) | F6: 검증된 상품·가격 DB·CPQ 3엔진·임베드형 옵션·가격 위젯
A7: 쇼핑개발 | B7: 페이지빌더·쇼핑 | C7: 상세페이지 빌더, 파일업로드·주문전환·플로팅·장바구니, 쇼핑몰 사용자 전반, 관리자 커머스 운영 | D7: 쇼핑몰 사용자 + 인쇄상품 파일/주문 11종 + 관리자 커머스 33종 | E7: ▶ 진행중: 상세 콘텐츠 빌더(G1) 작업→실무진 테스트 전달 | F7: 상세페이지 빌더·스토어프론트·주문/결제 플로우·관리자 운영툴
A9: ⟡ 협업 포인트
A10: · 인쇄상품 옵션·가격 위젯(인쇄개발) ↔ 상세페이지 임베드·주문전환(쇼핑개발) — Aurora Web Components 위에 결합
A11: · 온라인 에디터 D3·D4 — 협업/외부 도입 검토, 런칭 후순위(P2)
A12: · B15 옵션 제약 ↔ 폴리모픽 스키마(ref_key+ref_dim_cd) — 데이터로 표현돼야 동적 위젯 성립

Sheet 02_IA마스터
A1: No | B1: 시스템 | C1: 영역 | D1: 기능 | E1: 우선순위 | F1: 담당 | G1: 개발규모 | H1: 진행상태 | I1: Phase | J1: 확인·결정 필요사항 (선행조건) | K1: 비고
A2: 1 | B2: 쇼핑몰 | C2: 로그인 | D2: 일반 로그인 | E2: P0 | F2: 쇼핑개발 | G2: S | H2: 미착수 | I2: Phase 1 (런칭)
A3: 2 | B3: 쇼핑몰 | C3: 로그인 | D3: 아이디 찾기 (이메일 발송) | E3: P0 | F3: 쇼핑개발 | G3: S | H3: 미착수 | I3: Phase 1 (런칭)
A4: 3 | B4: 쇼핑몰 | C4: 로그인 | D4: 비밀번호 찾기 (휴대폰 임시PW) | E4: P1 | F4: 쇼핑개발 | G4: M | H4: 대기 | I4: Phase 2 (안정화) | J4: 알림톡 서비스 계약 먼저 (PM) | K4: 알림톡 서비스 계약 필요
A5: 4 | B5: 쇼핑몰 | C5: 회원가입 | D5: 약관동의 | E5: P0 | F5: 쇼핑개발 | G5: S | H5: 미착수 | I5: Phase 1 (런칭)
A6: 5 | B6: 쇼핑몰 | C6: 회원가입 | D6: 정보입력 | E6: P0 | F6: 쇼핑개발 | G6: M | H6: 미착수 | I6: Phase 1 (런칭)
A7: 6 | B7: 쇼핑몰 | C7: 회원가입 | D7: 이메일 중복확인 | E7: P0 | F7: 쇼핑개발 | G7: S | H7: 미착수 | I7: Phase 1 (런칭)
A8: 7 | B8: 쇼핑몰 | C8: 회원가입 | D8: 휴대전화 인증 | E8: P1 | F8: 쇼핑개발 | G8: M | H8: 대기 | I8: Phase 2 (안정화) | J8: 휴대폰 인증·문자 서비스 계약 먼저 (PM) | K8: 이슈사항에 추가
A9: 8 | B9: 쇼핑몰 | C9: 회원가입 | D9: 가입완료 메일 발송 | E9: P0 | F9: 쇼핑개발 | G9: S | H9: 미착수 | I9: Phase 1 (런칭)
A10: 9 | B10: 쇼핑몰 | C10: 마이페이지 | D10: 주문조회 | E10: P0 | F10: 쇼핑개발 | G10: M | H10: 미착수 | I10: Phase 1 (런칭)
A11: 10 | B11: 쇼핑몰 | C11: 마이페이지 | D11: 주문상세조회(편집상품 미리보기) | E11: P0 | F11: 쇼핑개발 | G11: L | H11: 미착수 | I11: Phase 1 (런칭)
A12: 11 | B12: 쇼핑몰 | C12: 마이페이지 | D12: 옵션보관함 (저장된 인쇄옵션) | E12: P1 | F12: 쇼핑개발 | G12: M | H12: 미착수 | I12: Phase 2 (안정화) | K12: 재주문시 옵션 불러오기
A13: 12 | B13: 쇼핑몰 | C13: 마이페이지 | D13: 쿠폰관리 | E13: P1 | F13: 쇼핑개발 | G13: S | H13: 미착수 | I13: Phase 2 (안정화)
A14: 13 | B14: 쇼핑몰 | C14: 마이페이지 | D14: 쿠폰등록 | E14: P1 | F14: 쇼핑개발 | G14: S | H14: 미착수 | I14: Phase 2 (안정화) | K14: 로그인한 상태에서만 등록가능/등록후 결과
A15: 14 | B15: 쇼핑몰 | C15: 마이페이지 | D15: 프린팅머니 | E15: P1 | F15: 쇼핑개발 | G15: M | H15: 대기 | I15: Phase 2 (안정화) | J15: 결제대행(PG) 연동 먼저 (PM) | K15: PG 연동 필요
A16: 15 | B16: 쇼핑몰 | C16: 마이페이지 | D16: 머니충전 | E16: P1 | F16: 쇼핑개발 | G16: M | H16: 대기 | I16: Phase 2 (안정화) | J16: 결제대행(PG) 연동 먼저 (PM) | K16: 결제가 가능해야함
A17: 16 | B17: 쇼핑몰 | C17: 마이페이지 | D17: 나의 상품Q&A + 문의하기 | E17: P1 | F17: 쇼핑개발 | G17: M | H17: 미착수 | I17: Phase 2 (안정화)
A18: 17 | B18: 쇼핑몰 | C18: 마이페이지 | D18: 나의 리뷰 | E18: P2 | F18: 쇼핑개발 | G18: M | H18: 미착수 | I18: Phase 3 (확장) | K18: 배송완료건에 한해 리뷰쓰면 즉시노출 / 쿠폰자동발행으로 쿠폰지급
A19: 18 | B19: 쇼핑몰 | C19: 마이페이지 | D19: 리뷰쓰기(사진업로드) 수정/삭제 | E19: P2 | F19: 쇼핑개발 | G19: M | H19: 미착수 | I19: Phase 3 (확장) | K19: 삭제시에도 쿠폰자동회수
A20: 19 | B20: 쇼핑몰 | C20: 마이페이지 | D20: 나의 체험단 활동내역 + 후기 | E20: P2 | F20: 쇼핑개발 | G20: M | H20: 미착수 | I20: Phase 3 (확장) | K20: 당첨자만 후기등록 활성화
A21: 20 | B21: 쇼핑몰 | C21: 마이페이지 | D21: 1:1문의 + 문의하기 | E21: P1 | F21: 쇼핑개발 | G21: M | H21: 미착수 | I21: Phase 2 (안정화)
A22: 21 | B22: 쇼핑몰 | C22: 마이페이지 | D22: 회원정보수정 | E22: P0 | F22: 쇼핑개발 | G22: M | H22: 미착수 | I22: Phase 1 (런칭)
A23: 22 | B23: 쇼핑몰 | C23: 마이페이지 | D23: 회원정보수정_비밀번호입력 | E23: P0 | F23: 쇼핑개발 | G23: S | H23: 미착수 | I23: Phase 1 (런칭) | K23: 정보수정전 비밀번호 입력후 페이지전환
A24: 23 | B24: 쇼핑몰 | C24: 마이페이지 | D24: 비밀번호변경 | E24: P0 | F24: 쇼핑개발 | G24: S | H24: 미착수 | I24: Phase 1 (런칭) | J24: 비밀번호 변경 시 본인확인 방법 결정 필요 (PM) | K24: 변경전 인증방법은?
A25: 24 | B25: 쇼핑몰 | C25: 마이페이지 | D25: 회원탈퇴 | E25: P0 | F25: 쇼핑개발 | G25: S | H25: 미착수 | I25: Phase 1 (런칭) | J25: 회원탈퇴 시 본인확인 방법 결정 필요 (PM) | K25: 탈퇴전 인증방법은?
A26: 25 | B26: 쇼핑몰 | C26: 마이페이지 | D26: 증빙서류발급내역 (현금영수증+세금계산서) | E26: P1 | F26: 쇼핑개발 | G26: M | H26: 미착수 | I26: Phase 2 (안정화) | J26: 증빙서류 발급 규칙 결정 필요 (PM) | K26: 신청가능/완료/불가/신용카드 4상태 / 발행내역 / 신청완료시 발급상태 / 미발행건 발급가능?
A27: 26 | B27: 쇼핑몰 | C27: 마이페이지 | D27: 사업자정보(목록) | E27: P1 | F27: 쇼핑개발 | G27: S | H27: 미착수 | I27: Phase 2 (안정화)
A28: 27 | B28: 쇼핑몰 | C28: 마이페이지 | D28: 사업자정보등록(쓰기) | E28: P1 | F28: 쇼핑개발 | G28: M | H28: 미착수 | I28: Phase 2 (안정화)
A29: 28 | B29: 쇼핑몰 | C29: 마이페이지 | D29: 현금영수증정보 | E29: P1 | F29: 쇼핑개발 | G29: M | H29: 미착수 | I29: Phase 2 (안정화) | J29: 현금영수증 정보 수집 여부 결정 필요 (PM) | K29: 필요여부 확인해야함
A30: 29 | B30: 쇼핑몰 | C30: 마이페이지 | D30: 메인 | E30: P0 | F30: 쇼핑개발 | G30: S | H30: 미착수 | I30: Phase 1 (런칭)
A31: 30 | B31: 쇼핑몰 | C31: 마이페이지 | D31: 서브메인(랜딩페이지) | E31: P2 | F31: 쇼핑개발 | G31: M | H31: 미착수 | I31: Phase 3 (확장) | K31: 1depth 의 페이지 (랜딩페이지로 사용) - 프로모션이미지 등록가능하게
A32: 31 | B32: 쇼핑몰 | C32: 마이페이지 | D32: LIST (검색결과) | E32: P0 | F32: 쇼핑개발 | G32: M | H32: 미착수 | I32: Phase 1 (런칭) | K32: 2depth 의 리스트페이지 (랜딩페이지로 사용)
A33: 32 | B33: 쇼핑몰 | C33: 인쇄상품 | D33: A1 상품 기본정보 세팅(상품코드·주문가능·회원) | E33: P0 | F33: 쇼핑개발 | G33: S | H33: 미착수 | I33: Phase 1 (런칭) | K33: 적용 상품: 전체
A34: 33 | B34: 쇼핑몰 | C34: 인쇄상품 | D34: A2 상품별 옵션 목록 불러오기 | E34: P0 | F34: 인쇄개발 | G34: L | H34: 진행중 | I34: Phase 1 (런칭) | J34: 상품 종류마다 옵션 구성이 달라 상품별 옵션목록을 제공해야 함 | K34: 적용 상품: 전체
A35: 34 | B35: 쇼핑몰 | C35: 인쇄상품 | D35: B1 규격(사이즈) 선택 | E35: P0 | F35: 인쇄개발 | G35: M | H35: 미착수 | I35: Phase 1 (런칭) | K35: 적용 상품: 전체
A36: 35 | B36: 쇼핑몰 | C36: 인쇄상품 | D36: B2 비규격 사용자입력(가로×세로 최소/최대) | E36: P0 | F36: 인쇄개발 | G36: M | H36: 미착수 | I36: Phase 1 (런칭) | J36: 가로×세로 직접입력 시 면적으로 가격 계산 | K36: 적용 상품: 실사·아크릴
A37: 36 | B37: 쇼핑몰 | C37: 인쇄상품 | D37: B3 수량 선택+직접입력 | E37: P0 | F37: 인쇄개발 | G37: M | H37: 미착수 | I37: Phase 1 (런칭) | K37: 적용 상품: 전체
A38: 37 | B38: 쇼핑몰 | C38: 인쇄상품 | D38: B4 종이/소재 선택(+평량) | E38: P0 | F38: 인쇄개발 | G38: M | H38: 미착수 | I38: Phase 1 (런칭) | K38: 적용 상품: 전체
A39: 38 | B39: 쇼핑몰 | C39: 인쇄상품 | D39: B5 인쇄 도수(단/양면)+별색·화이트 | E39: P0 | F39: 인쇄개발 | G39: M | H39: 미착수 | I39: Phase 1 (런칭) | K39: 적용 상품: 디지털·스티커·책자·캘린더
A40: 39 | B40: 쇼핑몰 | C40: 인쇄상품 | D40: B6 코팅 | E40: P1 | F40: 인쇄개발 | G40: S | H40: 미착수 | I40: Phase 2 (안정화) | K40: 적용 상품: 디지털·스티커·책자·실사
A41: 40 | B41: 쇼핑몰 | C41: 인쇄상품 | D41: B7 커팅/조각수/모서리 | E41: P1 | F41: 인쇄개발 | G41: M | H41: 미착수 | I41: Phase 2 (안정화) | K41: 적용 상품: 디지털·스티커·아크릴
A42: 41 | B42: 쇼핑몰 | C42: 인쇄상품 | D42: B8 접지/오시/미싱 | E42: P1 | F42: 인쇄개발 | G42: M | H42: 미착수 | I42: Phase 2 (안정화) | K42: 적용 상품: 디지털
A43: 42 | B43: 쇼핑몰 | C43: 인쇄상품 | D43: B9 제본(방향·면지·링컬러·바인더링·투명커버) | E43: P0 | F43: 인쇄개발 | G43: L | H43: 미착수 | I43: Phase 1 (런칭) | K43: 적용 상품: 책자
A44: 43 | B44: 쇼핑몰 | C44: 인쇄상품 | D44: B10 내지/표지 그룹 분리 | E44: P0 | F44: 인쇄개발 | G44: M | H44: 미착수 | I44: Phase 1 (런칭) | K44: 적용 상품: 책자
A45: 44 | B45: 쇼핑몰 | C45: 인쇄상품 | D45: B11 박/형압(앞·뒤·크기·박칼라) | E45: P1 | F45: 인쇄개발 | G45: M | H45: 미착수 | I45: Phase 2 (안정화) | K45: 적용 상품: 디지털·책자
A46: 45 | B46: 쇼핑몰 | C46: 인쇄상품 | D46: B12 캘린더 가공/장수 | E46: P1 | F46: 인쇄개발 | G46: M | H46: 미착수 | I46: Phase 2 (안정화) | K46: 적용 상품: 캘린더
A47: 46 | B47: 쇼핑몰 | C47: 인쇄상품 | D47: B13 추가상품(봉투 등) | E47: P1 | F47: 인쇄개발 | G47: M | H47: 미착수 | I47: Phase 2 (안정화) | K47: 적용 상품: 디지털·스티커·실사 등
A48: 47 | B48: 쇼핑몰 | C48: 인쇄상품 | D48: B14 개별포장 | E48: P2 | F48: 인쇄개발 | G48: S | H48: 미착수 | I48: Phase 3 (확장) | K48: 적용 상품: 책자·캘린더
A49: 48 | B49: 쇼핑몰 | C49: 인쇄상품 | D49: B15 옵션 제약·조건부 노출(같이 못 고르는 조합 등) | E49: P0 | F49: 인쇄개발 | G49: L | H49: 미착수 | I49: Phase 1 (런칭) | J49: 옵션끼리의 규칙(같이 못 고르는 조합·조건부 노출)을 데이터로 정리해야 함 | K49: 적용 상품: 전체
A50: 49 | B50: 쇼핑몰 | C50: 인쇄상품 | D50: C1 옵션 변경 시 가격 실시간 재계산 | E50: P0 | F50: 인쇄개발 | G50: XL | H50: 진행중 | I50: Phase 1 (런칭) | J50: 상품 종류별로 가격 계산 방식이 다름 (장수기준·면적기준·단가기준) | K50: 적용 상품: 전체
A51: 50 | B51: 쇼핑몰 | C51: 인쇄상품 | D51: C2 수량별 가격표 보기 | E51: P1 | F51: 인쇄개발 | G51: M | H51: 미착수 | I51: Phase 2 (안정화) | K51: 적용 상품: 전체
A52: 51 | B52: 쇼핑몰 | C52: 인쇄상품 | D52: C3 견적서 생성·다운로드 | E52: P1 | F52: 인쇄개발 | G52: M | H52: 미착수 | I52: Phase 2 (안정화) | K52: 적용 상품: 전체
A53: 52 | B53: 쇼핑몰 | C53: 인쇄상품 | D53: D1 파일 업로드(PDF) | E53: P0 | F53: 쇼핑개발 | G53: L | H53: 미착수 | I53: Phase 1 (런칭) | K53: 적용 상품: 전체
A54: 53 | B54: 쇼핑몰 | C54: 인쇄상품 | D54: D2 편집상품 미리보기·썸네일 | E54: P0 | F54: 쇼핑개발 | G54: M | H54: 미착수 | I54: Phase 1 (런칭) | K54: 적용 상품: 전체
A55: 54 | B55: 쇼핑몰 | C55: 인쇄상품 | D55: D3 온라인 에디터 연동(템플릿·편집) | E55: P2 | F55: 협업 | G55: XL | H55: 대기 | I55: Phase 3 (확장) | J55: 온라인 디자인 편집기 도입 여부 결정 필요 | K55: 적용 상품: 전체
A56: 55 | B56: 쇼핑몰 | C56: 인쇄상품 | D56: D4 가변데이터 인쇄(VDP) | E56: P2 | F56: 협업 | G56: L | H56: 대기 | I56: Phase 3 (확장) | J56: 디자인 편집기에 딸린 기능 (후순위) | K56: 적용 상품: 명함·라벨
A57: 56 | B57: 쇼핑몰 | C57: 인쇄상품 | D57: D5 표지/작업 템플릿 다운로드 | E57: P1 | F57: 인쇄개발 | G57: S | H57: 미착수 | I57: Phase 2 (안정화) | J57: 자료는 인쇄팀, 화면은 쇼핑팀이 함께 작업 | K57: 적용 상품: 책자·전체
A58: 57 | B58: 쇼핑몰 | C58: 인쇄상품 | D58: E1 규격 가이드 모달 | E58: P1 | F58: 인쇄개발 | G58: S | H58: 미착수 | I58: Phase 2 (안정화) | K58: 적용 상품: 전체
A59: 58 | B59: 쇼핑몰 | C59: 인쇄상품 | D59: E2 인쇄영역·도련 가이드 | E59: P1 | F59: 인쇄개발 | G59: M | H59: 미착수 | I59: Phase 2 (안정화) | K59: 적용 상품: 전체
A60: 59 | B60: 쇼핑몰 | C60: 인쇄상품 | D60: E3 주문가능 자재(용지) 목록 모달 | E60: P1 | F60: 인쇄개발 | G60: M | H60: 미착수 | I60: Phase 2 (안정화) | K60: 적용 상품: 전체
A61: 60 | B61: 쇼핑몰 | C61: 인쇄상품 | D61: E4 작업/재단/블리드 사이즈 안내 | E61: P0 | F61: 인쇄개발 | G61: S | H61: 미착수 | I61: Phase 1 (런칭) | K61: 적용 상품: 전체
A62: 61 | B62: 쇼핑몰 | C62: 인쇄상품 | D62: F1 주문 전 검증(필수옵션·파일·로그인) | E62: P0 | F62: 쇼핑개발 | G62: M | H62: 미착수 | I62: Phase 1 (런칭) | K62: 적용 상품: 전체
A63: 62 | B63: 쇼핑몰 | C63: 인쇄상품 | D63: F2 주문 데이터 생성(선택 옵션을 주문으로 변환) | E63: P0 | F63: 쇼핑개발 | G63: L | H63: 미착수 | I63: Phase 1 (런칭) | J63: 주문수량은 1로 두고 총액을 옵션 금액으로 처리 (쇼핑몰 연동 방식) | K63: 적용 상품: 전체
A64: 63 | B64: 쇼핑몰 | C64: 인쇄상품 | D64: F3 우측 플로팅 주문박스(가격·CTA) | E64: P0 | F64: 쇼핑개발 | G64: M | H64: 미착수 | I64: Phase 1 (런칭) | K64: 적용 상품: 전체
A65: 64 | B65: 쇼핑몰 | C65: 인쇄상품 | D65: F4 장바구니 담기 | E65: P0 | F65: 쇼핑개발 | G65: M | H65: 미착수 | I65: Phase 1 (런칭) | K65: 적용 상품: 전체
A66: 65 | B66: 쇼핑몰 | C66: 인쇄상품 | D66: F5 옵션 보관함 저장·불러오기 | E66: P1 | F66: 쇼핑개발 | G66: M | H66: 미착수 | I66: Phase 2 (안정화) | K66: 적용 상품: 전체
A67: 66 | B67: 쇼핑몰 | C67: 인쇄상품 | D67: G1 상세설명 콘텐츠(하단 detail) | E67: P0 | F67: 쇼핑개발 | G67: M | H67: 진행중 | I67: Phase 1 (런칭) | K67: 적용 상품: 전체
A68: 67 | B68: 쇼핑몰 | C68: 고객센터 | D68: 공지사항 | E68: P1 | F68: 쇼핑개발 | G68: S | H68: 미착수 | I68: Phase 2 (안정화) | K68: 구분필요(이벤트 / 공지 / 상품)
A69: 68 | B69: 쇼핑몰 | C69: 고객센터 | D69: 자주묻는질문 | E69: P1 | F69: 쇼핑개발 | G69: S | H69: 미착수 | I69: Phase 2 (안정화) | K69: 구분필요(가입/로그인,주문배송결제,취소환불/증빙서류발급
A70: 69 | B70: 쇼핑몰 | C70: 고객센터 | D70: 상품Q&A + 문의하기 | E70: P1 | F70: 쇼핑개발 | G70: S | H70: 미착수 | I70: Phase 2 (안정화)
A71: 70 | B71: 쇼핑몰 | C71: 고객센터 | D71: 대량주문 견적문의 | E71: P1 | F71: 쇼핑개발 | G71: M | H71: 미착수 | I71: Phase 2 (안정화) | J71: 대량주문 견적 화면이 고객용에도 필요 (현재 빠짐) | K71: B2B 기업고객 핵심
A72: 71 | B72: 쇼핑몰 | C72: 고객센터 | D72: 기업인쇄상담 | E72: P1 | F72: 쇼핑개발 | G72: S | H72: 미착수 | I72: Phase 2 (안정화) | K72: 기업서비스신청하기와 연계
A73: 72 | B73: 쇼핑몰 | C73: 고객센터 | D73: 디자인상담 | E73: P2 | F73: 쇼핑개발 | G73: S | H73: 미착수 | I73: Phase 3 (확장)
A74: 73 | B74: 쇼핑몰 | C74: 고객센터 | D74: 비회원 주문조회 (주문번호+이메일+휴대폰) | E74: P1 | F74: 쇼핑개발 | G74: S | H74: 미착수 | I74: Phase 2 (안정화) | K74: 증빙서류 발급 연동 누락
A75: 74 | B75: 쇼핑몰 | C75: 결제 | D75: 수동카드결제 (PC+모바일) | E75: P2 | F75: 쇼핑개발 | G75: M | H75: 미착수 | I75: Phase 3 (확장) | K75: 오프라인 전용, 우선순위 낮음
A76: 75 | B76: 쇼핑몰 | C76: 주문 | D76: 파일/편집 정보입력 | E76: P0 | F76: 쇼핑개발 | G76: XL | H76: 미착수 | I76: Phase 1 (런칭)
A77: 76 | B77: 쇼핑몰 | C77: 주문 | D77: 보관함/장바구니 | E77: P0 | F77: 쇼핑개발 | G77: M | H77: 미착수 | I77: Phase 1 (런칭)
A78: 77 | B78: 쇼핑몰 | C78: 주문 | D78: 배송정보입력 | E78: P0 | F78: 쇼핑개발 | G78: M | H78: 미착수 | I78: Phase 1 (런칭) | J78: 배송비·도서산간 규칙 결정 필요 (PM) | K78: 도서산간 추가비용 적용 / 배송비 제약조건
A79: 78 | B79: 쇼핑몰 | C79: 주문 | D79: 배송지목록 | E79: P0 | F79: 쇼핑개발 | G79: S | H79: 미착수 | I79: Phase 1 (런칭)
A80: 79 | B80: 쇼핑몰 | C80: 주문 | D80: 배송지입력 | E80: P0 | F80: 쇼핑개발 | G80: S | H80: 미착수 | I80: Phase 1 (런칭)
A81: 80 | B81: 쇼핑몰 | C81: 주문 | D81: 결제하기 (이니시스 연동) | E81: P0 | F81: 쇼핑개발 | G81: L | H81: 미착수 | I81: Phase 1 (런칭) | J81: 이니시스 결제 계약 먼저 / 간편결제는 다음 단계 (PM) | K81: *간편결제 연동(네이버페이 / 카카오페이 / 토스페이) *포인트로 전액 결제가능
A82: 81 | B82: 쇼핑몰 | C82: 주문 | D82: 주문완료 + 주문완료 메일 발송 | E82: P0 | F82: 쇼핑개발 | G82: M | H82: 미착수 | I82: Phase 1 (런칭)
A83: 82 | B83: 쇼핑몰 | C83: 주문 | D83: 디자인 의뢰하기 | E83: P2 | F83: 쇼핑개발 | G83: M | H83: 미착수 | I83: Phase 3 (확장) | J83: 수작 브랜드 유지 여부 결정 필요 (PM) | K83: 수작/상상 브랜드 연계
A84: 83 | B84: 쇼핑몰 | C84: 정보 | D84: 회사소개 | E84: P1 | F84: 쇼핑개발 | G84: S | H84: 미착수 | I84: Phase 2 (안정화)
A85: 84 | B85: 쇼핑몰 | C85: 정보 | D85: 이용약관 | E85: P0 | F85: 쇼핑개발 | G85: S | H85: 미착수 | I85: Phase 1 (런칭)
A86: 85 | B86: 쇼핑몰 | C86: 정보 | D86: 개인정보보호 | E86: P0 | F86: 쇼핑개발 | G86: S | H86: 미착수 | I86: Phase 1 (런칭)
A87: 86 | B87: 쇼핑몰 | C87: 정보 | D87: 찾아오시는 길 | E87: P2 | F87: 쇼핑개발 | G87: S | H87: 미착수 | I87: Phase 3 (확장)
A88: 87 | B88: 쇼핑몰 | C88: 가이드 | D88: 작업시 유의사항 (11개 가이드) | E88: P1 | F88: 쇼핑개발 | G88: M | H88: 미착수 | I88: Phase 2 (안정화) | K88: 모니터색상/칼라설정/재단선/용지 등 / 별도 페이지
A89: 88 | B89: 쇼핑몰 | C89: 마케팅 | D89: 랜딩페이지 5종 (종이/제본/캘린더/파우치/스티커) | E89: P2 | F89: 쇼핑개발 | G89: L | H89: 미착수 | I89: Phase 3 (확장) | K89: 별도 마케팅 페이지
A90: 89 | B90: 쇼핑몰 | C90: 마케팅 | D90: 이용후기 메인 | E90: P2 | F90: 쇼핑개발 | G90: M | H90: 미착수 | I90: Phase 3 (확장)
A91: 90 | B91: 쇼핑몰 | C91: 마케팅 | D91: 체험단 모집 메인 | E91: P2 | F91: 쇼핑개발 | G91: M | H91: 미착수 | I91: Phase 3 (확장)
A92: 91 | B92: 쇼핑몰 | C92: 상품 | D92: 포장재상품 주문하기 | E92: P1 | F92: 쇼핑개발 | G92: L | H92: 미착수 | I92: Phase 2 (안정화) | K92: 문의하기/견적인쇄 포함
A93: 92 | B93: 쇼핑몰 | C93: 상품 | D93: 굿즈상품 주문하기 + 파우치&백 | E93: P1 | F93: 쇼핑개발 | G93: L | H93: 미착수 | I93: Phase 2 (안정화)
A94: 93 | B94: 쇼핑몰 | C94: 상품 | D94: 수작 상품 (메인+상품페이지) | E94: P2 | F94: 쇼핑개발 | G94: L | H94: 미착수 | I94: Phase 3 (확장) | J94: 수작 브랜드 유지 여부 결정 필요 (PM) | K94: 수작 브랜드 존치 여부 결정 필요
A95: 94 | B95: 관리자 | C95: 관리자 | D95: 관리자 등록/관리 | E95: P0 | F95: 쇼핑개발 | G95: M | H95: 미착수 | I95: Phase 1 (런칭)
A96: 95 | B96: 관리자 | C96: 거래처 | D96: 거래처관리 (등록/수정/처리) | E96: P1 | F96: 쇼핑개발 | G96: M | H96: 미착수 | I96: Phase 2 (안정화) | K96: 오프라인 거래처 + 업체목록 .txt 생성
A97: 96 | B97: 관리자 | C97: 거래처 | D97: 매장게시판 | E97: P2 | F97: 쇼핑개발 | G97: S | H97: 미착수 | I97: Phase 3 (확장)
A98: 97 | B98: 관리자 | C98: 원장관리 | D98: 계좌관리 (원장용 계좌 등록) | E98: P1 | F98: 쇼핑개발 | G98: S | H98: 미착수 | I98: Phase 2 (안정화)
A99: 98 | B99: 관리자 | C99: 원장관리 | D99: 원장관리 (오프라인 거래 등록) | E99: P1 | F99: 쇼핑개발 | G99: L | H99: 미착수 | I99: Phase 2 (안정화) | K99: Excel 다운/청구서/판매내역 매칭
A100: 99 | B100: 관리자 | C100: 원장관리 | D100: 업체별 미수금 | E100: P1 | F100: 쇼핑개발 | G100: M | H100: 미착수 | I100: Phase 2 (안정화) | K100: Excel 다운 포함
...

Sheet 03_페이즈일정
A1: 페이즈별 진행 계획 (인쇄상품 상세 반영)
A3: Phase | B3: 목표 | C3: 인쇄개발 범위 | D3: 쇼핑개발 범위 | E3: PM 선행/조율
A4: Phase 0 (현재) | B4: 진행 기반작업 마무리 | C4: 상품·가격 DB 매핑+시뮬레이터 검수 / 가격엔진(C1)·옵션API(A2) | D4: 상세 콘텐츠 빌더(G1) 완성→실무진 테스트 | E4: 정책 5건 + 에디터 도입 결정 / 계약 협상
A5: Phase 1 (런칭·P0) | B5: 매출 백본 (57건) | C5: 옵션위젯(규격·수량·종이·인쇄·제본 B1~B10)·실시간가격(C1)·작업사이즈(E4)·관리자 상품/가격 셋업 | D5: 파일업로드(D1)·미리보기(D2)·주문전환(F1~F4)·상세빌더(G1)·스토어프론트·회원·결제·관리자 주문관리 | E5: 이니시스 계약, 인증/배송비 정책, 약관·가이드 콘텐츠
A6: Phase 2 (안정화·P1) | B6: 운영·재구매·B2B (64건) | C6: 코팅·커팅·박/형압·캘린더가공(B6~B13)·가격표/견적(C2·C3)·가이드(E1~E3)·굿즈/포장 등록 | D6: 쿠폰·머니·증빙·고객센터·옵션보관함(F5)·거래처/원장·통계·후불·알림톡 | E6: 알림톡·PG 계약, 증빙 정책, 대량견적 IA 보완
A7: Phase 3 (확장·P2) | B7: 성장·미결정 의존 (23건) | C7: 수작/디자인 등록·개별포장(B14) | D7: 온라인 에디터(D3·D4)·리뷰·체험단·마케팅·고급통계 | E7: 에디터 도입·수작 존치 결정·마케팅 기획

Sheet 04_진행현황
A1: ① 담당 × 우선순위 (건수)
A3: 담당 \ 우선순위 | B3: P0 | C3: P1 | D3: P2 | E3: 합계
A4: PM | B4: =COUNTIFS('02_IA마스터'!$F$2:$F$145,$A4,'02_IA마스터'!$E$2:$E$145,B$3) -> 0 | C4: =COUNTIFS('02_IA마스터'!$F$2:$F$145,$A4,'02_IA마스터'!$E$2:$E$145,C$3) -> 0 | D4: =COUNTIFS('02_IA마스터'!$F$2:$F$145,$A4,'02_IA마스터'!$E$2:$E$145,D$3) -> 0 | E4: =SUM(B4:D4) -> 0
A5: 인쇄개발 | B5: =COUNTIFS('02_IA마스터'!$F$2:$F$145,$A5,'02_IA마스터'!$E$2:$E$145,B$3) -> 20 | C5: =COUNTIFS('02_IA마스터'!$F$2:$F$145,$A5,'02_IA마스터'!$E$2:$E$145,C$3) -> 15 | D5: =COUNTIFS('02_IA마스터'!$F$2:$F$145,$A5,'02_IA마스터'!$E$2:$E$145,D$3) -> 3 | E5: =SUM(B5:D5) -> 38
A6: 쇼핑개발 | B6: =COUNTIFS('02_IA마스터'!$F$2:$F$145,$A6,'02_IA마스터'!$E$2:$E$145,B$3) -> 37 | C6: =COUNTIFS('02_IA마스터'!$F$2:$F$145,$A6,'02_IA마스터'!$E$2:$E$145,C$3) -> 49 | D6: =COUNTIFS('02_IA마스터'!$F$2:$F$145,$A6,'02_IA마스터'!$E$2:$E$145,D$3) -> 18 | E6: =SUM(B6:D6) -> 104
A7: 협업 | B7: =COUNTIFS('02_IA마스터'!$F$2:$F$145,$A7,'02_IA마스터'!$E$2:$E$145,B$3) -> 0 | C7: =COUNTIFS('02_IA마스터'!$F$2:$F$145,$A7,'02_IA마스터'!$E$2:$E$145,C$3) -> 0 | D7: =COUNTIFS('02_IA마스터'!$F$2:$F$145,$A7,'02_IA마스터'!$E$2:$E$145,D$3) -> 2 | E7: =SUM(B7:D7) -> 2
A8: 합계 | B8: =SUM(B4:B7) -> 57 | C8: =SUM(C4:C7) -> 64 | D8: =SUM(D4:D7) -> 23 | E8: =SUM(E4:E7) -> 144
A10: ② 진행상태 분포
A12: 완료 | B12: 진행중 | C12: 대기 | D12: 미착수
A13: =COUNTIF('02_IA마스터'!$H$2:$H$145,"완료") -> 0 | B13: =COUNTIF('02_IA마스터'!$H$2:$H$145,"진행중") -> 9 | C13: =COUNTIF('02_IA마스터'!$H$2:$H$145,"대기") -> 9 | D13: =COUNTIF('02_IA마스터'!$H$2:$H$145,"미착수") -> 126
A15: ③ 담당별 가중 공수 (S=1·M=2·L=4·XL=8)
A17: 담당 | B17: 공수점수 | C17: P0 공수점수
A18: PM | B18: =COUNTIFS('02_IA마스터'!$F$2:$F$145,$A18,'02_IA마스터'!$G$2:$G$145,"S")+COUNTIFS('02_IA마스터'!$F$2:$F$145,$A18,'02_IA마스터'!$G$2:$G$145,"M")*2+COUNTIFS('02_IA마스터'!$F$2:$F$145,$A18,'02_IA마스터'!$G$2:$G$145,"L")*4+COUNTIFS('02_IA마스터'!$F$2:$F$145,$A18,'02_IA마스터'!$G$2:$G$145,"XL")*8 -> 0 | C18: =COUNTIFS('02_IA마스터'!$F$2:$F$145,$A18,'02_IA마스터'!$G$2:$G$145,"S",'02_IA마스터'!$E$2:$E$145,"P0")+COUNTIFS('02_IA마스터'!$F$2:$F$145,$A18,'02_IA마스터'!$G$2:$G$145,"M",'02_IA마스터'!$E$2:$E$145,"P0")*2+COUNTIFS('02_IA마스터'!$F$2:$F$145,$A18,'02_IA마스터'!$G$2:$G$145,"L",'02_IA마스터'!$E$2:$E$145,"P0")*4+COUNTIFS('02_IA마스터'!$F$2:$F$145,$A18,'02_IA마스터'!$G$2:$G$145,"XL",'02_IA마스터'!$E$2:$E$145,"P0")*8 -> 0
A19: 인쇄개발 | B19: =COUNTIFS('02_IA마스터'!$F$2:$F$145,$A19,'02_IA마스터'!$G$2:$G$145,"S")+COUNTIFS('02_IA마스터'!$F$2:$F$145,$A19,'02_IA마스터'!$G$2:$G$145,"M")*2+COUNTIFS('02_IA마스터'!$F$2:$F$145,$A19,'02_IA마스터'!$G$2:$G$145,"L")*4+COUNTIFS('02_IA마스터'!$F$2:$F$145,$A19,'02_IA마스터'!$G$2:$G$145,"XL")*8 -> 92 | C19: =COUNTIFS('02_IA마스터'!$F$2:$F$145,$A19,'02_IA마스터'!$G$2:$G$145,"S",'02_IA마스터'!$E$2:$E$145,"P0")+COUNTIFS('02_IA마스터'!$F$2:$F$145,$A19,'02_IA마스터'!$G$2:$G$145,"M",'02_IA마스터'!$E$2:$E$145,"P0")*2+COUNTIFS('02_IA마스터'!$F$2:$F$145,$A19,'02_IA마스터'!$G$2:$G$145,"L",'02_IA마스터'!$E$2:$E$145,"P0")*4+COUNTIFS('02_IA마스터'!$F$2:$F$145,$A19,'02_IA마스터'!$G$2:$G$145,"XL",'02_IA마스터'!$E$2:$E$145,"P0")*8 -> 58
A20: 쇼핑개발 | B20: =COUNTIFS('02_IA마스터'!$F$2:$F$145,$A20,'02_IA마스터'!$G$2:$G$145,"S")+COUNTIFS('02_IA마스터'!$F$2:$F$145,$A20,'02_IA마스터'!$G$2:$G$145,"M")*2+COUNTIFS('02_IA마스터'!$F$2:$F$145,$A20,'02_IA마스터'!$G$2:$G$145,"L")*4+COUNTIFS('02_IA마스터'!$F$2:$F$145,$A20,'02_IA마스터'!$G$2:$G$145,"XL")*8 -> 201 | C20: =COUNTIFS('02_IA마스터'!$F$2:$F$145,$A20,'02_IA마스터'!$G$2:$G$145,"S",'02_IA마스터'!$E$2:$E$145,"P0")+COUNTIFS('02_IA마스터'!$F$2:$F$145,$A20,'02_IA마스터'!$G$2:$G$145,"M",'02_IA마스터'!$E$2:$E$145,"P0")*2+COUNTIFS('02_IA마스터'!$F$2:$F$145,$A20,'02_IA마스터'!$G$2:$G$145,"L",'02_IA마스터'!$E$2:$E$145,"P0")*4+COUNTIFS('02_IA마스터'!$F$2:$F$145,$A20,'02_IA마스터'!$G$2:$G$145,"XL",'02_IA마스터'!$E$2:$E$145,"P0")*8 -> 82
A21: 협업 | B21: =COUNTIFS('02_IA마스터'!$F$2:$F$145,$A21,'02_IA마스터'!$G$2:$G$145,"S")+COUNTIFS('02_IA마스터'!$F$2:$F$145,$A21,'02_IA마스터'!$G$2:$G$145,"M")*2+COUNTIFS('02_IA마스터'!$F$2:$F$145,$A21,'02_IA마스터'!$G$2:$G$145,"L")*4+COUNTIFS('02_IA마스터'!$F$2:$F$145,$A21,'02_IA마스터'!$G$2:$G$145,"XL")*8 -> 12 | C21: =COUNTIFS('02_IA마스터'!$F$2:$F$145,$A21,'02_IA마스터'!$G$2:$G$145,"S",'02_IA마스터'!$E$2:$E$145,"P0")+COUNTIFS('02_IA마스터'!$F$2:$F$145,$A21,'02_IA마스터'!$G$2:$G$145,"M",'02_IA마스터'!$E$2:$E$145,"P0")*2+COUNTIFS('02_IA마스터'!$F$2:$F$145,$A21,'02_IA마스터'!$G$2:$G$145,"L",'02_IA마스터'!$E$2:$E$145,"P0")*4+COUNTIFS('02_IA마스터'!$F$2:$F$145,$A21,'02_IA마스터'!$G$2:$G$145,"XL",'02_IA마스터'!$E$2:$E$145,"P0")*8 -> 0
A23: ※ 인쇄상품 상세 반영 후 인쇄개발 부하가 14건→38건으로 현실화. P0 공수에서 인쇄개발이 옵션위젯·가격엔진으로 크게 증가 — 쇼핑개발 단독 병목 우려가 완화됨. 단 D1·F2 등 쇼핑개발 P0도 여전히 높아 Shopby 빌트인 활용 권장.
